"essayId";"essayContent";"sayGood";"sayNo";"earnMoney";"readCnt";"author";"title";"createTime"
1;"f";0;0;0;0;"";"";0
2;"钢铁是怎么样炼成的我也不知道呀。";0;0;0;0;"郑汉荣";"钢铁是怎样炼成的";1560583819577
3;"钢铁是怎么样炼成的我也不知道呀。";0;0;0;0;"贾平凹";"红楼梦";1560583894362
4;"grgr";0;0;0;0;"rgre";"frefregfe";1560587486852
5;"gr";0;0;0;0;"ger";"regre";1560587640289
6;"gregre";0;0;0;0;"gaegre";"ajfow";1560587650954
7;"re";0;0;0;0;"regrg";"fewgfer";1560587708525
8;"regr";0;0;0;0;"regrgreasgr";"grea";1560587712962
9;"regr";0;0;0;0;"regrgreasgr";"grea";1560587714850
